source,arm,player,step,loss
0030m,R-visit,1,0,3.9812
0030m,R-visit,1,1000,0.29746
0030m,R-visit,1,2000,0.13214
0030m,R-visit,1,3000,0.067719
0030m,R-visit,1,4000,0.051186
0030m,R-visit,1,5000,0.03758
0030m,R-visit,1,6000,0.030676
0030m,R-visit,1,7000,0.026988
0030m,R-visit,1,8000,0.023556
0030m,R-visit,1,9000,0.018272
0030m,R-visit,1,10000,0.016926
0030m,R-visit,1,11000,0.014255
0030m,R-visit,1,12000,0.0118
0030m,R-visit,1,13000,0.012412
0030m,R-visit,1,14000,0.010832
0030m,R-visit,1,15000,0.012201
0030m,R-visit,1,16000,0.013301
0030m,R-visit,1,17000,0.01901
0030m,R-visit,1,18000,0.0096198
0030m,R-visit,1,19000,0.0073047
0030m,R-visit,1,20000,0.01001
0030m,R-visit,1,21000,0.0093263
0030m,R-visit,1,22000,0.0095503
0030m,R-visit,1,23000,0.0058169
0030m,R-visit,1,24000,0.0062165
0030m,R-visit,1,25000,0.0055188
0030m,R-visit,1,26000,0.0091556
0030m,R-visit,1,27000,0.0061503
0030m,R-visit,1,28000,0.0069135
0030m,R-visit,1,29000,0.0073087
0030m,R-visit,1,30000,0.0095397
0030m,R-visit,1,31000,0.0068982
0030m,R-visit,1,32000,0.0055907
0030m,R-visit,1,33000,0.0050408
0030m,R-visit,1,34000,0.0055153
0030m,R-visit,1,35000,0.0052784
0030m,R-visit,1,36000,0.0046673
0030m,R-visit,1,37000,0.0043189
0030m,R-visit,1,38000,0.0042886
0030m,R-visit,1,39000,0.005727
0030m,R-visit,2,0,5.7794
0030m,R-visit,2,1000,0.060271
0030m,R-visit,2,2000,0.015013
0030m,R-visit,2,3000,0.0074555
0030m,R-visit,2,4000,0.0066429
0030m,R-visit,2,5000,0.0033167
0030m,R-visit,2,6000,0.0029718
0030m,R-visit,2,7000,0.0032229
0030m,R-visit,2,8000,0.0023258
0030m,R-visit,2,9000,0.0020789
0030m,R-visit,2,10000,0.0018591
0030m,R-visit,2,11000,0.0020722
0030m,R-visit,2,12000,0.0051414
0030m,R-visit,2,13000,0.0016611
0030m,R-visit,2,14000,0.0013285
0030m,R-visit,2,15000,0.0018416
0030m,R-visit,2,16000,0.0016491
0030m,R-visit,2,17000,0.0013897
0030m,R-visit,2,18000,0.0014687
0030m,R-visit,2,19000,0.0011141
0030m,R-visit,2,20000,0.0010535
0030m,R-visit,2,21000,0.00087983
0030m,R-visit,2,22000,0.00092405
0030m,R-visit,2,23000,0.0012257
0030m,R-visit,2,24000,0.00071992
0030m,R-visit,2,25000,0.0010267
0030m,R-visit,2,26000,0.00068589
0030m,R-visit,2,27000,0.00084666
0030m,R-visit,2,28000,0.0013829
0030m,R-visit,2,29000,0.00098673
0030m,R-visit,2,30000,0.00056475
0030m,R-visit,2,31000,0.00064806
0030m,R-visit,2,32000,0.00065541
0030m,R-visit,2,33000,0.00052992
0030m,R-visit,2,34000,0.00066277
0030m,R-visit,2,35000,0.00056663
0030m,R-visit,2,36000,0.00052316
0030m,R-visit,2,37000,0.00053037
0030m,R-visit,2,38000,0.00062576
0030m,R-visit,2,39000,0.00045212
0030m,R-mix,1,0,1.986
0030m,R-mix,1,1000,0.21438
0030m,R-mix,1,2000,0.13671
0030m,R-mix,1,3000,0.10552
0030m,R-mix,1,4000,0.077184
0030m,R-mix,1,5000,0.072561
0030m,R-mix,1,6000,0.067157
0030m,R-mix,1,7000,0.057646
0030m,R-mix,1,8000,0.058942
0030m,R-mix,1,9000,0.05711
0030m,R-mix,1,10000,0.05168
0030m,R-mix,1,11000,0.046177
0030m,R-mix,1,12000,0.048815
0030m,R-mix,1,13000,0.046226
0030m,R-mix,1,14000,0.048416
0030m,R-mix,1,15000,0.046832
0030m,R-mix,1,16000,0.044737
0030m,R-mix,1,17000,0.046207
0030m,R-mix,1,18000,0.045203
0030m,R-mix,1,19000,0.047516
0030m,R-mix,1,20000,0.03811
0030m,R-mix,1,21000,0.042285
0030m,R-mix,1,22000,0.043451
0030m,R-mix,1,23000,0.037533
0030m,R-mix,1,24000,0.043065
0030m,R-mix,1,25000,0.045103
0030m,R-mix,1,26000,0.038132
0030m,R-mix,1,27000,0.039653
0030m,R-mix,1,28000,0.041341
0030m,R-mix,1,29000,0.037215
0030m,R-mix,1,30000,0.039237
0030m,R-mix,1,31000,0.038147
0030m,R-mix,1,32000,0.043655
0030m,R-mix,1,33000,0.042083
0030m,R-mix,1,34000,0.03681
0030m,R-mix,1,35000,0.04218
0030m,R-mix,1,36000,0.044308
0030m,R-mix,1,37000,0.044665
0030m,R-mix,1,38000,0.038775
0030m,R-mix,1,39000,0.0375
0030m,R-mix,2,0,2.9523
0030m,R-mix,2,1000,0.079331
0030m,R-mix,2,2000,0.04172
0030m,R-mix,2,3000,0.027771
0030m,R-mix,2,4000,0.023459
0030m,R-mix,2,5000,0.021894
0030m,R-mix,2,6000,0.023726
0030m,R-mix,2,7000,0.022383
0030m,R-mix,2,8000,0.023687
0030m,R-mix,2,9000,0.021463
0030m,R-mix,2,10000,0.021333
0030m,R-mix,2,11000,0.020614
0030m,R-mix,2,12000,0.021213
0030m,R-mix,2,13000,0.020164
0030m,R-mix,2,14000,0.019629
0030m,R-mix,2,15000,0.021448
0030m,R-mix,2,16000,0.01972
0030m,R-mix,2,17000,0.019984
0030m,R-mix,2,18000,0.019057
0030m,R-mix,2,19000,0.019041
0030m,R-mix,2,20000,0.018342
0030m,R-mix,2,21000,0.020725
0030m,R-mix,2,22000,0.018491
0030m,R-mix,2,23000,0.019097
0030m,R-mix,2,24000,0.017957
0030m,R-mix,2,25000,0.020444
0030m,R-mix,2,26000,0.018466
0030m,R-mix,2,27000,0.018534
0030m,R-mix,2,28000,0.018525
0030m,R-mix,2,29000,0.01816
0030m,R-mix,2,30000,0.018352
0030m,R-mix,2,31000,0.018033
0030m,R-mix,2,32000,0.019432
0030m,R-mix,2,33000,0.018025
0030m,R-mix,2,34000,0.020499
0030m,R-mix,2,35000,0.018645
0030m,R-mix,2,36000,0.017371
0030m,R-mix,2,37000,0.019174
0030m,R-mix,2,38000,0.018304
0030m,R-mix,2,39000,0.017788
0045m,R-visit,1,0,5.5523
0045m,R-visit,1,1000,0.30233
0045m,R-visit,1,2000,0.12528
0045m,R-visit,1,3000,0.090613
0045m,R-visit,1,4000,0.090011
0045m,R-visit,1,5000,0.056966
0045m,R-visit,1,6000,0.045828
0045m,R-visit,1,7000,0.040876
0045m,R-visit,1,8000,0.046452
0045m,R-visit,1,9000,0.021877
0045m,R-visit,1,10000,0.029553
0045m,R-visit,1,11000,0.014856
0045m,R-visit,1,12000,0.019741
0045m,R-visit,1,13000,0.019998
0045m,R-visit,1,14000,0.016088
0045m,R-visit,1,15000,0.01324
0045m,R-visit,1,16000,0.017807
0045m,R-visit,1,17000,0.012082
0045m,R-visit,1,18000,0.011792
0045m,R-visit,1,19000,0.0097521
0045m,R-visit,1,20000,0.0085469
0045m,R-visit,1,21000,0.011075
0045m,R-visit,1,22000,0.010669
0045m,R-visit,1,23000,0.0076074
0045m,R-visit,1,24000,0.0079273
0045m,R-visit,1,25000,0.0060739
0045m,R-visit,1,26000,0.013033
0045m,R-visit,1,27000,0.013716
0045m,R-visit,1,28000,0.0085496
0045m,R-visit,1,29000,0.0095569
0045m,R-visit,1,30000,0.0113
0045m,R-visit,1,31000,0.0065783
0045m,R-visit,1,32000,0.0078853
0045m,R-visit,1,33000,0.0096318
0045m,R-visit,1,34000,0.0070108
0045m,R-visit,1,35000,0.010541
0045m,R-visit,1,36000,0.0092472
0045m,R-visit,1,37000,0.0077534
0045m,R-visit,1,38000,0.0056633
0045m,R-visit,1,39000,0.0069967
0045m,R-visit,2,0,5.8669
0045m,R-visit,2,1000,0.10061
0045m,R-visit,2,2000,0.018423
0045m,R-visit,2,3000,0.013952
0045m,R-visit,2,4000,0.005827
0045m,R-visit,2,5000,0.0049973
0045m,R-visit,2,6000,0.0032257
0045m,R-visit,2,7000,0.001958
0045m,R-visit,2,8000,0.0022185
0045m,R-visit,2,9000,0.0020972
0045m,R-visit,2,10000,0.0013569
0045m,R-visit,2,11000,0.0012423
0045m,R-visit,2,12000,0.00093688
0045m,R-visit,2,13000,0.0016347
0045m,R-visit,2,14000,0.0010641
0045m,R-visit,2,15000,0.00098779
0045m,R-visit,2,16000,0.0017045
0045m,R-visit,2,17000,0.00070721
0045m,R-visit,2,18000,0.00060389
0045m,R-visit,2,19000,0.00057232
0045m,R-visit,2,20000,0.00090555
0045m,R-visit,2,21000,0.00062771
0045m,R-visit,2,22000,0.00073874
0045m,R-visit,2,23000,0.00069296
0045m,R-visit,2,24000,0.001802
0045m,R-visit,2,25000,0.00044773
0045m,R-visit,2,26000,0.00052453
0045m,R-visit,2,27000,0.00054355
0045m,R-visit,2,28000,0.00051823
0045m,R-visit,2,29000,0.00041186
0045m,R-visit,2,30000,0.00055548
0045m,R-visit,2,31000,0.0009612
0045m,R-visit,2,32000,0.00025595
0045m,R-visit,2,33000,0.00054538
0045m,R-visit,2,34000,0.00034019
0045m,R-visit,2,35000,0.00044405
0045m,R-visit,2,36000,0.00029861
0045m,R-visit,2,37000,0.00052061
0045m,R-visit,2,38000,0.00044502
0045m,R-visit,2,39000,0.00023726
0045m,R-mix,1,0,2.8397
0045m,R-mix,1,1000,0.33381
0045m,R-mix,1,2000,0.17431
0045m,R-mix,1,3000,0.13323
0045m,R-mix,1,4000,0.11543
0045m,R-mix,1,5000,0.10138
0045m,R-mix,1,6000,0.079021
0045m,R-mix,1,7000,0.069828
0045m,R-mix,1,8000,0.078271
0045m,R-mix,1,9000,0.093679
0045m,R-mix,1,10000,0.056241
0045m,R-mix,1,11000,0.060205
0045m,R-mix,1,12000,0.062971
0045m,R-mix,1,13000,0.058427
0045m,R-mix,1,14000,0.053917
0045m,R-mix,1,15000,0.063398
0045m,R-mix,1,16000,0.051279
0045m,R-mix,1,17000,0.056121
0045m,R-mix,1,18000,0.054505
0045m,R-mix,1,19000,0.054914
0045m,R-mix,1,20000,0.043948
0045m,R-mix,1,21000,0.050207
0045m,R-mix,1,22000,0.047508
0045m,R-mix,1,23000,0.045618
0045m,R-mix,1,24000,0.04814
0045m,R-mix,1,25000,0.049478
0045m,R-mix,1,26000,0.045322
0045m,R-mix,1,27000,0.046699
0045m,R-mix,1,28000,0.049736
0045m,R-mix,1,29000,0.052086
0045m,R-mix,1,30000,0.047528
0045m,R-mix,1,31000,0.046756
0045m,R-mix,1,32000,0.05114
0045m,R-mix,1,33000,0.045616
0045m,R-mix,1,34000,0.044719
0045m,R-mix,1,35000,0.046866
0045m,R-mix,1,36000,0.054765
0045m,R-mix,1,37000,0.045094
0045m,R-mix,1,38000,0.044798
0045m,R-mix,1,39000,0.04422
0045m,R-mix,2,0,3.0359
0045m,R-mix,2,1000,0.081082
0045m,R-mix,2,2000,0.040332
0045m,R-mix,2,3000,0.032669
0045m,R-mix,2,4000,0.024547
0045m,R-mix,2,5000,0.021785
0045m,R-mix,2,6000,0.025486
0045m,R-mix,2,7000,0.021853
0045m,R-mix,2,8000,0.024781
0045m,R-mix,2,9000,0.020654
0045m,R-mix,2,10000,0.021565
0045m,R-mix,2,11000,0.020198
0045m,R-mix,2,12000,0.019885
0045m,R-mix,2,13000,0.019399
0045m,R-mix,2,14000,0.01948
0045m,R-mix,2,15000,0.020905
0045m,R-mix,2,16000,0.020378
0045m,R-mix,2,17000,0.019332
0045m,R-mix,2,18000,0.019357
0045m,R-mix,2,19000,0.018724
0045m,R-mix,2,20000,0.018437
0045m,R-mix,2,21000,0.020495
0045m,R-mix,2,22000,0.018282
0045m,R-mix,2,23000,0.018693
0045m,R-mix,2,24000,0.017232
0045m,R-mix,2,25000,0.020688
0045m,R-mix,2,26000,0.018333
0045m,R-mix,2,27000,0.018679
0045m,R-mix,2,28000,0.018428
0045m,R-mix,2,29000,0.018382
0045m,R-mix,2,30000,0.018048
0045m,R-mix,2,31000,0.017768
0045m,R-mix,2,32000,0.019186
0045m,R-mix,2,33000,0.01725
0045m,R-mix,2,34000,0.019072
0045m,R-mix,2,35000,0.018594
0045m,R-mix,2,36000,0.017326
0045m,R-mix,2,37000,0.01912
0045m,R-mix,2,38000,0.017827
0045m,R-mix,2,39000,0.017655
0120m,R-visit,1,0,15.112
0120m,R-visit,1,1000,1.1784
0120m,R-visit,1,2000,0.48697
0120m,R-visit,1,3000,0.31645
0120m,R-visit,1,4000,0.2173
0120m,R-visit,1,5000,0.16051
0120m,R-visit,1,6000,0.10933
0120m,R-visit,1,7000,0.090767
0120m,R-visit,1,8000,0.069053
0120m,R-visit,1,9000,0.079564
0120m,R-visit,1,10000,0.056832
0120m,R-visit,1,11000,0.049593
0120m,R-visit,1,12000,0.0289
0120m,R-visit,1,13000,0.028662
0120m,R-visit,1,14000,0.030127
0120m,R-visit,1,15000,0.042024
0120m,R-visit,1,16000,0.061259
0120m,R-visit,1,17000,0.028816
0120m,R-visit,1,18000,0.022067
0120m,R-visit,1,19000,0.023915
0120m,R-visit,1,20000,0.025618
0120m,R-visit,1,21000,0.021849
0120m,R-visit,1,22000,0.024405
0120m,R-visit,1,23000,0.014693
0120m,R-visit,1,24000,0.020202
0120m,R-visit,1,25000,0.015822
0120m,R-visit,1,26000,0.019332
0120m,R-visit,1,27000,0.018912
0120m,R-visit,1,28000,0.023721
0120m,R-visit,1,29000,0.017045
0120m,R-visit,1,30000,0.011839
0120m,R-visit,1,31000,0.023728
0120m,R-visit,1,32000,0.011291
0120m,R-visit,1,33000,0.0097547
0120m,R-visit,1,34000,0.024693
0120m,R-visit,1,35000,0.015744
0120m,R-visit,1,36000,0.010798
0120m,R-visit,1,37000,0.020382
0120m,R-visit,1,38000,0.032986
0120m,R-visit,1,39000,0.020356
0120m,R-visit,2,0,17.422
0120m,R-visit,2,1000,0.27235
0120m,R-visit,2,2000,0.075838
0120m,R-visit,2,3000,0.021435
0120m,R-visit,2,4000,0.014735
0120m,R-visit,2,5000,0.0089692
0120m,R-visit,2,6000,0.0055615
0120m,R-visit,2,7000,0.0063209
0120m,R-visit,2,8000,0.016962
0120m,R-visit,2,9000,0.0045423
0120m,R-visit,2,10000,0.0048552
0120m,R-visit,2,11000,0.0031845
0120m,R-visit,2,12000,0.0024787
0120m,R-visit,2,13000,0.0019691
0120m,R-visit,2,14000,0.0024996
0120m,R-visit,2,15000,0.004969
0120m,R-visit,2,16000,0.0022951
0120m,R-visit,2,17000,0.0017158
0120m,R-visit,2,18000,0.0022643
0120m,R-visit,2,19000,0.0014795
0120m,R-visit,2,20000,0.0014189
0120m,R-visit,2,21000,0.0016778
0120m,R-visit,2,22000,0.0010861
0120m,R-visit,2,23000,0.00088275
0120m,R-visit,2,24000,0.0023909
0120m,R-visit,2,25000,0.00081418
0120m,R-visit,2,26000,0.0010868
0120m,R-visit,2,27000,0.00063795
0120m,R-visit,2,28000,0.0007845
0120m,R-visit,2,29000,0.0006333
0120m,R-visit,2,30000,0.00091991
0120m,R-visit,2,31000,0.00052096
0120m,R-visit,2,32000,0.00080525
0120m,R-visit,2,33000,0.00064266
0120m,R-visit,2,34000,0.00049255
0120m,R-visit,2,35000,0.0010741
0120m,R-visit,2,36000,0.00035012
0120m,R-visit,2,37000,0.00052667
0120m,R-visit,2,38000,0.00068651
0120m,R-visit,2,39000,0.0016164
0120m,R-mix,1,0,7.4524
0120m,R-mix,1,1000,0.9101
0120m,R-mix,1,2000,0.52045
0120m,R-mix,1,3000,0.40993
0120m,R-mix,1,4000,0.26118
0120m,R-mix,1,5000,0.1745
0120m,R-mix,1,6000,0.21573
0120m,R-mix,1,7000,0.15218
0120m,R-mix,1,8000,0.15413
0120m,R-mix,1,9000,0.12776
0120m,R-mix,1,10000,0.12992
0120m,R-mix,1,11000,0.083169
0120m,R-mix,1,12000,0.10121
0120m,R-mix,1,13000,0.14305
0120m,R-mix,1,14000,0.083128
0120m,R-mix,1,15000,0.1208
0120m,R-mix,1,16000,0.081548
0120m,R-mix,1,17000,0.070646
0120m,R-mix,1,18000,0.10325
0120m,R-mix,1,19000,0.08437
0120m,R-mix,1,20000,0.053568
0120m,R-mix,1,21000,0.084008
0120m,R-mix,1,22000,0.060242
0120m,R-mix,1,23000,0.05719
0120m,R-mix,1,24000,0.087339
0120m,R-mix,1,25000,0.079617
0120m,R-mix,1,26000,0.061494
0120m,R-mix,1,27000,0.061272
0120m,R-mix,1,28000,0.057425
0120m,R-mix,1,29000,0.059888
0120m,R-mix,1,30000,0.058517
0120m,R-mix,1,31000,0.059422
0120m,R-mix,1,32000,0.073426
0120m,R-mix,1,33000,0.059493
0120m,R-mix,1,34000,0.056791
0120m,R-mix,1,35000,0.070342
0120m,R-mix,1,36000,0.086696
0120m,R-mix,1,37000,0.064957
0120m,R-mix,1,38000,0.056315
0120m,R-mix,1,39000,0.064544
0120m,R-mix,2,0,9.4094
0120m,R-mix,2,1000,0.26693
0120m,R-mix,2,2000,0.076895
0120m,R-mix,2,3000,0.041548
0120m,R-mix,2,4000,0.036269
0120m,R-mix,2,5000,0.028837
0120m,R-mix,2,6000,0.031426
0120m,R-mix,2,7000,0.026249
0120m,R-mix,2,8000,0.026343
0120m,R-mix,2,9000,0.024093
0120m,R-mix,2,10000,0.024383
0120m,R-mix,2,11000,0.022375
0120m,R-mix,2,12000,0.021101
0120m,R-mix,2,13000,0.022998
0120m,R-mix,2,14000,0.021883
0120m,R-mix,2,15000,0.022315
0120m,R-mix,2,16000,0.022091
0120m,R-mix,2,17000,0.021062
0120m,R-mix,2,18000,0.021145
0120m,R-mix,2,19000,0.019812
0120m,R-mix,2,20000,0.020334
0120m,R-mix,2,21000,0.021906
0120m,R-mix,2,22000,0.019443
0120m,R-mix,2,23000,0.020033
0120m,R-mix,2,24000,0.018685
0120m,R-mix,2,25000,0.024511
0120m,R-mix,2,26000,0.019627
0120m,R-mix,2,27000,0.01943
0120m,R-mix,2,28000,0.019723
0120m,R-mix,2,29000,0.018959
0120m,R-mix,2,30000,0.019077
0120m,R-mix,2,31000,0.01925
0120m,R-mix,2,32000,0.020164
0120m,R-mix,2,33000,0.018541
0120m,R-mix,2,34000,0.022501
0120m,R-mix,2,35000,0.019883
0120m,R-mix,2,36000,0.018581
0120m,R-mix,2,37000,0.021063
0120m,R-mix,2,38000,0.019794
0120m,R-mix,2,39000,0.020194
1080m,R-visit,1,0,89.779
1080m,R-visit,1,1000,13.023
1080m,R-visit,1,2000,6.7411
1080m,R-visit,1,3000,4.2157
1080m,R-visit,1,4000,2.4381
1080m,R-visit,1,5000,1.9623
1080m,R-visit,1,6000,1.419
1080m,R-visit,1,7000,1.0059
1080m,R-visit,1,8000,0.72237
1080m,R-visit,1,9000,0.50811
1080m,R-visit,1,10000,0.42178
1080m,R-visit,1,11000,0.3361
1080m,R-visit,1,12000,0.26974
1080m,R-visit,1,13000,0.18488
1080m,R-visit,1,14000,0.24262
1080m,R-visit,1,15000,0.1793
1080m,R-visit,1,16000,0.27891
1080m,R-visit,1,17000,0.21837
1080m,R-visit,1,18000,0.24953
1080m,R-visit,1,19000,0.16727
1080m,R-visit,1,20000,0.18183
1080m,R-visit,1,21000,0.061631
1080m,R-visit,1,22000,0.106
1080m,R-visit,1,23000,0.27494
1080m,R-visit,1,24000,0.07923
1080m,R-visit,1,25000,0.099217
1080m,R-visit,1,26000,0.19517
1080m,R-visit,1,27000,0.10918
1080m,R-visit,1,28000,0.088923
1080m,R-visit,1,29000,0.16268
1080m,R-visit,1,30000,0.10525
1080m,R-visit,1,31000,0.082102
1080m,R-visit,1,32000,0.085993
1080m,R-visit,1,33000,0.15878
1080m,R-visit,1,34000,0.1183
1080m,R-visit,1,35000,0.16598
1080m,R-visit,1,36000,0.073479
1080m,R-visit,1,37000,0.15717
1080m,R-visit,1,38000,0.060825
1080m,R-visit,1,39000,0.071303
1080m,R-visit,2,0,67.39
1080m,R-visit,2,1000,2.9456
1080m,R-visit,2,2000,0.67393
1080m,R-visit,2,3000,0.15179
1080m,R-visit,2,4000,0.12724
1080m,R-visit,2,5000,0.045555
1080m,R-visit,2,6000,0.025424
1080m,R-visit,2,7000,0.05042
1080m,R-visit,2,8000,0.013972
1080m,R-visit,2,9000,0.011239
1080m,R-visit,2,10000,0.037301
1080m,R-visit,2,11000,0.038385
1080m,R-visit,2,12000,0.0069794
1080m,R-visit,2,13000,0.022691
1080m,R-visit,2,14000,0.012658
1080m,R-visit,2,15000,0.0065059
1080m,R-visit,2,16000,0.0078185
1080m,R-visit,2,17000,0.0085729
1080m,R-visit,2,18000,0.0075041
1080m,R-visit,2,19000,0.0035958
1080m,R-visit,2,20000,0.0055498
1080m,R-visit,2,21000,0.018323
1080m,R-visit,2,22000,0.0025567
1080m,R-visit,2,23000,0.0034779
1080m,R-visit,2,24000,0.0026013
1080m,R-visit,2,25000,0.0044795
1080m,R-visit,2,26000,0.0025727
1080m,R-visit,2,27000,0.0024287
1080m,R-visit,2,28000,0.016895
1080m,R-visit,2,29000,0.0029875
1080m,R-visit,2,30000,0.002738
1080m,R-visit,2,31000,0.0015111
1080m,R-visit,2,32000,0.0016856
1080m,R-visit,2,33000,0.0024128
1080m,R-visit,2,34000,0.0013737
1080m,R-visit,2,35000,0.0016172
1080m,R-visit,2,36000,0.024122
1080m,R-visit,2,37000,0.022523
1080m,R-visit,2,38000,0.0019839
1080m,R-visit,2,39000,0.0023431
1080m,R-mix,1,0,47.216
1080m,R-mix,1,1000,9.0097
1080m,R-mix,1,2000,5.7837
1080m,R-mix,1,3000,4.5817
1080m,R-mix,1,4000,2.2399
1080m,R-mix,1,5000,2.4532
1080m,R-mix,1,6000,1.3338
1080m,R-mix,1,7000,0.88761
1080m,R-mix,1,8000,0.99248
1080m,R-mix,1,9000,0.54303
1080m,R-mix,1,10000,0.61196
1080m,R-mix,1,11000,0.41359
1080m,R-mix,1,12000,0.46654
1080m,R-mix,1,13000,0.66426
1080m,R-mix,1,14000,0.28021
1080m,R-mix,1,15000,0.55394
1080m,R-mix,1,16000,0.29521
1080m,R-mix,1,17000,0.39028
1080m,R-mix,1,18000,0.34206
1080m,R-mix,1,19000,0.23464
1080m,R-mix,1,20000,0.24491
1080m,R-mix,1,21000,0.23056
1080m,R-mix,1,22000,0.31823
1080m,R-mix,1,23000,0.39662
1080m,R-mix,1,24000,0.22853
1080m,R-mix,1,25000,0.19205
1080m,R-mix,1,26000,0.16673
1080m,R-mix,1,27000,0.31217
1080m,R-mix,1,28000,0.3216
1080m,R-mix,1,29000,0.36348
1080m,R-mix,1,30000,0.28146
1080m,R-mix,1,31000,0.34072
1080m,R-mix,1,32000,0.27396
1080m,R-mix,1,33000,0.23448
1080m,R-mix,1,34000,0.3762
1080m,R-mix,1,35000,0.12028
1080m,R-mix,1,36000,0.49842
1080m,R-mix,1,37000,0.23405
1080m,R-mix,1,38000,0.13828
1080m,R-mix,1,39000,0.2039
1080m,R-mix,2,0,34.03
1080m,R-mix,2,1000,1.9587
1080m,R-mix,2,2000,0.93363
1080m,R-mix,2,3000,0.14675
1080m,R-mix,2,4000,0.078056
1080m,R-mix,2,5000,0.05285
1080m,R-mix,2,6000,0.061751
1080m,R-mix,2,7000,0.05008
1080m,R-mix,2,8000,0.046496
1080m,R-mix,2,9000,0.052961
1080m,R-mix,2,10000,0.034187
1080m,R-mix,2,11000,0.0325
1080m,R-mix,2,12000,0.045468
1080m,R-mix,2,13000,0.034159
1080m,R-mix,2,14000,0.030019
1080m,R-mix,2,15000,0.030506
1080m,R-mix,2,16000,0.028752
1080m,R-mix,2,17000,0.027756
1080m,R-mix,2,18000,0.04203
1080m,R-mix,2,19000,0.026129
1080m,R-mix,2,20000,0.025526
1080m,R-mix,2,21000,0.030041
1080m,R-mix,2,22000,0.026168
1080m,R-mix,2,23000,0.024534
1080m,R-mix,2,24000,0.022885
1080m,R-mix,2,25000,0.055595
1080m,R-mix,2,26000,0.023683
1080m,R-mix,2,27000,0.022977
1080m,R-mix,2,28000,0.02457
1080m,R-mix,2,29000,0.023549
1080m,R-mix,2,30000,0.022845
1080m,R-mix,2,31000,0.023445
1080m,R-mix,2,32000,0.024053
1080m,R-mix,2,33000,0.022033
1080m,R-mix,2,34000,0.026066
1080m,R-mix,2,35000,0.025011
1080m,R-mix,2,36000,0.022704
1080m,R-mix,2,37000,0.024037
1080m,R-mix,2,38000,0.023099
1080m,R-mix,2,39000,0.023163
