scope,expected_visits_bin,pair,infosets,reach_weight_sum,mean_kl_nats,reach_weighted_kl_nats,mean_tv,reach_weighted_tv,inv_neg_log_reach_weighted_tv,support_mismatch_fraction,regret_rmse,reach_weighted_regret_rmse
all,0.1-1,exact_g_vs_exact_qg,5337,0.39922198966451106,0.004213590265680779,0.0047538907791851,0.004182827367485978,0.004654102597974893,0.0042268214187498945,0.676409968146899,1.9210930630739877e-05,2.011558399786469e-05
all,0.1-1,exact_g_vs_fitted,5337,0.39922198966451106,0.00261839189297701,0.0030938415758943647,0.0021400379714406866,0.0024668499044965203,0.0021694322378101134,0.5566797826494285,1.6219266447669394e-05,1.7453402607168087e-05
all,0.1-1,exact_g_vs_sampled,5337,0.39922198966451106,0.0035739042185982243,0.00392287247802365,0.0035098080004518145,0.003689199885932207,0.0035264170923692776,0.557241896196365,2.0085497849988243e-05,2.21871049362214e-05
all,0.1-1,old_vs_exact_g,5337,0.39922198966451106,0.019160399013545437,0.0210420807615948,0.004187766651732123,0.004661736460171957,0.004232005735007949,0.6784710511523327,1.9218192606646945e-05,2.0126623843713202e-05
all,0.1-1,sampled_vs_fitted,5337,0.39922198966451106,0.008740689894347686,0.009331944080200265,0.0026811060213731953,0.0030424306252307817,0.0027153936493636817,0.6269439760164887,1.8428618781063684e-05,2.072334458379321e-05
all,1-10,exact_g_vs_exact_qg,1592,1.3474686423724052,0.0065734136903020214,0.006816459379161817,0.006811403943499596,0.007101549245524058,0.0068516827771220555,0.8335427135678392,2.3310598522927338e-05,2.4256909388383905e-05
all,1-10,exact_g_vs_fitted,1592,1.3474686423724052,0.00483683574642881,0.005345391438994733,0.0038882248386340533,0.004250315703400536,0.003941223949254783,0.7305276381909548,2.1080724251635144e-05,2.2482052230636038e-05
all,1-10,exact_g_vs_sampled,1592,1.3474686423724052,0.004091684777544548,0.003868453042116916,0.0038056371547579237,0.0037165922708327793,0.003799595246090438,0.3027638190954774,2.703435503291298e-05,2.671639702914038e-05
all,1-10,old_vs_exact_g,1592,1.3474686423724052,0.02946052288603998,0.03002661062423509,0.006869986479782333,0.00718546775842552,0.006913633118031809,0.842964824120603,2.3399211243437687e-05,2.4379423475067257e-05
all,1-10,sampled_vs_fitted,1592,1.3474686423724052,0.010181218933362527,0.01024548525530894,0.004961554862562927,0.005203005605632478,0.00500026176658077,0.7537688442211056,2.8749649285718962e-05,2.873986443417433e-05
all,<0.1,exact_g_vs_exact_qg,416826,0.1455844185357756,0.0008191247004965873,0.0028763890171380605,0.0007981579762762153,0.0029090674267505104,0.0009465133427047274,0.4699538896326045,7.435988007833192e-06,1.601321920000371e-05
all,<0.1,exact_g_vs_fitted,416826,0.1455844185357756,0.0005570173500166353,0.0016107353477454436,0.00043921247046762045,0.0014315317741249451,0.0004998998164786332,0.19999952018348183,6.847610518778882e-06,1.3222338410460353e-05
all,<0.1,exact_g_vs_sampled,416826,0.1455844185357756,0.0008206748017104652,0.002778675481968849,0.0007961391509862276,0.002815458836792309,0.0009425025552674951,0.46921737127722357,7.4760755341579105e-06,1.6320611763036323e-05
all,<0.1,old_vs_exact_g,416826,0.1455844185357756,0.0035527345198197386,0.013788768045910043,0.0007993840163384685,0.0029142695624148314,0.000948471156719956,0.4699634859629678,7.4693057416723826e-06,1.601698899544993e-05
all,<0.1,sampled_vs_fitted,416826,0.1455844185357756,0.0015346153939233846,0.0062868846288460485,0.0005258148727108243,0.0017613630073144582,0.0006112107098045075,0.4334662425088646,6.779866374220926e-06,1.344014102599101e-05
all,>=10,exact_g_vs_exact_qg,775,10.151569894747809,0.005407265885415165,0.003802661312299876,0.005705327577169099,0.004240679015936761,0.00540586011950355,0.7187096774193549,1.6654692894646915e-05,1.2802470024550067e-05
all,>=10,exact_g_vs_fitted,775,10.151569894747809,0.0028412563811190806,0.0020823710433807477,0.003388777674495955,0.003077511037243938,0.003304716510720127,0.6851612903225807,1.6702176211988472e-05,1.4024657555732264e-05
all,>=10,exact_g_vs_sampled,775,10.151569894747809,0.0012393144013601966,0.0007022019893241301,0.001974987096668055,0.0014867160378998878,0.0018711710730302403,0.12387096774193548,1.2870770914560748e-05,9.170154680921907e-06
all,>=10,old_vs_exact_g,775,10.151569894747809,0.027064269697484822,0.023352535682203083,0.006256886931788402,0.00553879244023194,0.00608897462798361,0.8554838709677419,1.745110132541696e-05,1.4699103716276003e-05
all,>=10,sampled_vs_fitted,775,10.151569894747809,0.0034975377896445795,0.0023179832340868884,0.003268657546399753,0.0029086026572370228,0.003168549335331016,0.6838709677419355,1.6333919191806347e-05,1.3339953748686063e-05
all,all,exact_g_vs_exact_qg,424530,12.043844945320497,0.0008917530193703303,0.004160179971497872,0.0008722166401195201,0.004558361519132764,0.0011372310442926868,0.47436694697665654,7.840549763593466e-06,1.484903511832729e-05
all,all,exact_g_vs_fitted,424530,12.043844945320497,0.0006031514561386338,0.0024752651859043374,0.0004789129543484679,0.003168586539285412,0.0006061543975070066,0.20735872612065107,7.177865029458005e-06,1.5314946736065804e-05
all,all,exact_g_vs_sampled,424530,12.043844945320497,0.0008683177927103624,0.0011882999672274091,0.0008436919237690833,0.0018252634495060608,0.001051742014429687,0.4690693237227051,7.936767863157959e-06,1.304887265296936e-05
all,all,old_vs_exact_g,424530,12.043844945320497,0.003889023461107109,0.023907041886058685,0.0008747091099864375,0.0056622259194635495,0.001145592171573749,0.474687301250795,7.875940260958035e-06,1.6283177958785345e-05
all,all,sampled_vs_fitted,424530,12.043844945320497,0.0016612153451641342,0.003485384346934962,0.0005745515697554726,0.0031558694470163787,0.0007375624273554879,0.4375568275504676,7.279320670037888e-06,1.6088030206465522e-05
unvisited,0.1-1,exact_g_vs_exact_qg,4036,0.26556462064399966,0.004123241158670109,0.004684131511597858,0.004071120940044705,0.0044634810715267976,0.004105475943705269,0.6788899900891973,1.894662394094025e-05,1.959281826892494e-05
unvisited,0.1-1,exact_g_vs_fitted,4036,0.26556462064399966,0.002530916138132079,0.00312639537670906,0.002046157390786942,0.002306607800651019,0.0020677478908234822,0.5512884043607532,1.581489974455842e-05,1.6903031640191373e-05
unvisited,0.1-1,exact_g_vs_sampled,4036,0.26556462064399966,0.004139011702599237,0.0047207024753479895,0.004075452997982856,0.004470185672002103,0.004110007313586112,0.6798810703666998,1.8952838620332778e-05,1.9602509975254462e-05
unvisited,0.1-1,old_vs_exact_g,4036,0.26556462064399966,0.018771587281865745,0.020374350051765102,0.004075452997982856,0.004470185672002103,0.004110007313586112,0.6798810703666998,1.8952838620332778e-05,1.9602509975254462e-05
unvisited,0.1-1,sampled_vs_fitted,4036,0.26556462064399966,0.009515508948728407,0.010578877260961645,0.002550207539787394,0.0027935629096939407,0.0025719196841396193,0.6419722497522299,1.4940244644200774e-05,1.569995974361605e-05
unvisited,1-10,exact_g_vs_exact_qg,186,0.07285366507130675,0.006647659137539867,0.00700575843031986,0.007380755326898236,0.007771038271553061,0.007426956475534697,0.8763440860215054,2.414215293244136e-05,2.4830037984285277e-05
unvisited,1-10,exact_g_vs_fitted,186,0.07285366507130675,0.0035381463436675122,0.003874122287024444,0.0040811757108781665,0.00443701037905142,0.004121579229381408,0.8064516129032258,2.195278965801613e-05,2.3164562430187998e-05
unvisited,1-10,exact_g_vs_sampled,186,0.07285366507130675,0.006680581859514089,0.007042779622335622,0.007413466898197174,0.007807695938586527,0.007460124248338962,0.8763440860215054,2.4187529310357e-05,2.4881448834737512e-05
unvisited,1-10,old_vs_exact_g,186,0.07285366507130675,0.031918125272438584,0.033677064728287666,0.007413466898197174,0.007807695938586527,0.007460124248338962,0.8763440860215054,2.4187529310357e-05,2.4881448834737512e-05
unvisited,1-10,sampled_vs_fitted,186,0.07285366507130675,0.016942455126712434,0.017338966323476063,0.00451397208817975,0.004735435851676904,0.004540710436701249,0.8709677419354839,1.9391696397482765e-05,1.984726035223183e-05
unvisited,<0.1,exact_g_vs_exact_qg,416206,0.13922519867851343,0.0008159324979550329,0.002859331228979331,0.0007948945294047339,0.0028889799904863035,0.0009408117269919157,0.4696640605853832,7.415018605178491e-06,1.5995144157334085e-05
unvisited,<0.1,exact_g_vs_fitted,416206,0.13922519867851343,0.0005556192788815388,0.0016141377118740348,0.0004376933233566357,0.00142596294034929,0.0004972458751108374,0.19968477148335198,6.834610658247788e-06,1.3268007904969623e-05
unvisited,<0.1,exact_g_vs_sampled,416206,0.13922519867851343,0.0008209349750197386,0.0028686548177144448,0.000796121368234857,0.002894371774370657,0.0009427728759276222,0.46967367121089076,7.44846813866485e-06,1.5999020616142772e-05
unvisited,<0.1,old_vs_exact_g,416206,0.13922519867851343,0.003537100615059716,0.013709424335567816,0.000796121368234857,0.002894371774370657,0.0009427728759276222,0.46967367121089076,7.44846813866485e-06,1.5999020616142772e-05
unvisited,<0.1,sampled_vs_fitted,416206,0.13922519867851343,0.0015315235367051204,0.006385453089061944,0.0005237389265433576,0.001740540985481927,0.0006075356516736217,0.4334776528930385,6.732125644137432e-06,1.2729980119511352e-05
unvisited,all,exact_g_vs_exact_qg,420428,0.47764348439381993,0.0008502617978817952,0.004506343779296139,0.000829259081484226,0.0045090327001753435,0.0010148974786757714,0.47185249317362304,7.6245835991349435e-06,1.9545960653238337e-05
unvisited,all,exact_g_vs_fitted,420428,0.47764348439381993,0.0005759011063478002,0.002799645964123834,0.00045474606175709354,0.002374858873550053,0.0005344975208785711,0.2033285128488112,6.98977990157388e-06,1.7088343919090556e-05
unvisited,all,exact_g_vs_sampled,420428,0.47764348439381993,0.0008553799976943149,0.004535041254673582,0.0008305296586585109,0.004519923296259321,0.0010169498667387024,0.4718715214019999,7.657002696908075e-06,1.9562253134924e-05
unvisited,all,old_vs_exact_g,420428,0.47764348439381993,0.0036959036890069834,0.02046066110575079,0.0008305296586585109,0.004519923296259321,0.0010169498667387024,0.4718715214019999,7.657002696908075e-06,1.9562253134924e-05
unvisited,all,sampled_vs_fitted,420428,0.47764348439381993,0.0016149856239083213,0.010387661318428063,0.000544957805141161,0.0027828129971488023,0.000653411164286661,0.4356726954436907,6.868443699236093e-06,1.5632123055211727e-05
visited,0.1-1,exact_g_vs_exact_qg,1301,0.1336573690205114,0.004493873890504039,0.004892495882435079,0.004529366292276891,0.005032849641469366,0.004585749875933584,0.6687163720215219,2.0008667044293694e-05,2.1115901456261373e-05
visited,0.1-1,exact_g_vs_fitted,1301,0.1336573690205114,0.002889761721227692,0.0030291602356343397,0.0024312770364049536,0.0027852358927198603,0.0024702049346924586,0.5734050730207533,1.7414059945857797e-05,1.849841176219488e-05
visited,0.1-1,exact_g_vs_sampled,1301,0.1336573690205114,0.0018208113627734088,0.0023376593159620328,0.001755047654536914,0.0021374545872934222,0.0018002123232849186,0.1767870868562644,2.3250782692939784e-05,2.6587060810681006e-05
visited,0.1-1,old_vs_exact_g,1301,0.1336573690205114,0.020366582064321168,0.022368798876336828,0.004536189331618398,0.005042329859302681,0.004592865545921222,0.6740968485780169,2.001901331774392e-05,2.1129446636604786e-05
visited,0.1-1,sampled_vs_fitted,1301,0.1336573690205114,0.0063370237118107265,0.006854405134581083,0.00308718309414821,0.003536907367900599,0.00313977609102424,0.5803228285933897,2.6471173140955963e-05,2.816021596217131e-05
visited,1-10,exact_g_vs_exact_qg,1406,1.2746149773010984,0.006563591746357328,0.0068056395395106415,0.006736084343704328,0.007063283000312889,0.00678263876879888,0.8278805120910384,2.3198359705583852e-05,2.422374117709591e-05
visited,1-10,exact_g_vs_fitted,1406,1.2746149773010984,0.005008639607676037,0.005429485343378587,0.003862699332064064,0.0042396447230553455,0.003919577815429178,0.7204836415362731,2.0962641622215794e-05,2.2442414646630155e-05
visited,1-10,exact_g_vs_sampled,1406,1.2746149773010984,0.0037491991038273824,0.0036870168204965813,0.0033283566908321057,0.0034827554638829443,0.0033602607248080308,0.22688477951635846,2.7388809346703087e-05,2.681748489526875e-05
visited,1-10,old_vs_exact_g,1406,1.2746149773010984,0.029135406211879142,0.02981796019615215,0.006798089354728876,0.007149902819802749,0.006848043576473446,0.8385490753911806,2.3292926407813617e-05,2.435041631857631e-05
visited,1-10,sampled_vs_fitted,1406,1.2746149773010984,0.00928677374704454,0.009840040393030481,0.0050207656705538745,0.005229730672306556,0.005055416844820363,0.7382645803698435,2.976809786286407e-05,2.9166343208144577e-05
visited,<0.1,exact_g_vs_exact_qg,620,0.006359219857262177,0.0029620502666420348,0.0032498426794930297,0.0029889098611015803,0.003348850508260493,0.003042392976919392,0.6645161290322581,1.6258781428311817e-05,1.6403953619533297e-05
visited,<0.1,exact_g_vs_fitted,620,0.006359219857262177,0.0014955425030068914,0.0015362458926845577,0.0014590159260717062,0.0015534527025133265,0.0014754726967525608,0.4112903225806452,1.2895420303433776e-05,1.2179636012142544e-05
visited,<0.1,exact_g_vs_sampled,620,0.006359219857262177,0.0006460204591952344,0.0008087182895256511,0.0008080767119813051,0.0010877831691388363,0.0008431343068961804,0.1629032258064516,1.823419737538663e-05,2.2224229648512456e-05
visited,<0.1,old_vs_exact_g,620,0.006359219857262177,0.014047774785222542,0.015525874811242412,0.0029895996882929364,0.00334990059198985,0.0030431248942303524,0.6645161290322581,1.6262366664277053e-05,1.6405447351956622e-05
visited,<0.1,sampled_vs_fitted,620,0.006359219857262177,0.0036101791445437557,0.004128881954772504,0.0019193975349311827,0.0022172286939225196,0.001962139968991643,0.4258064516129032,2.188615237763953e-05,2.4238954337577155e-05
visited,>=10,exact_g_vs_exact_qg,775,10.151569894747809,0.005407265885415165,0.003802661312299876,0.005705327577169099,0.004240679015936761,0.00540586011950355,0.7187096774193549,1.6654692894646915e-05,1.2802470024550067e-05
visited,>=10,exact_g_vs_fitted,775,10.151569894747809,0.0028412563811190806,0.0020823710433807477,0.003388777674495955,0.003077511037243938,0.003304716510720127,0.6851612903225807,1.6702176211988472e-05,1.4024657555732264e-05
visited,>=10,exact_g_vs_sampled,775,10.151569894747809,0.0012393144013601966,0.0007022019893241301,0.001974987096668055,0.0014867160378998878,0.0018711710730302403,0.12387096774193548,1.2870770914560748e-05,9.170154680921907e-06
visited,>=10,old_vs_exact_g,775,10.151569894747809,0.027064269697484822,0.023352535682203083,0.006256886931788402,0.00553879244023194,0.00608897462798361,0.8554838709677419,1.745110132541696e-05,1.4699103716276003e-05
visited,>=10,sampled_vs_fitted,775,10.151569894747809,0.0034975377896445795,0.0023179832340868884,0.003268657546399753,0.0029086026572370228,0.003168549335331016,0.6838709677419355,1.6333919191806347e-05,1.3339953748686063e-05
visited,all,exact_g_vs_exact_qg,4102,11.566201460926681,0.005144330120292291,0.004145884622425286,0.005275083646925781,0.00456039862604703,0.005463973498860707,0.7320819112627986,2.0094692182583794e-05,1.462266618016707e-05
visited,all,exact_g_vs_fitted,4102,11.566201460926681,0.003396132943671696,0.0024618693994222706,0.0029558603747303126,0.003201364703248953,0.0031405434566870614,0.6204290589956118,1.801772310525991e-05,1.523727456496294e-05
visited,all,exact_g_vs_sampled,4102,11.566201460926681,0.0021943566232824722,0.0010500913102797738,0.0021927374615330615,0.0017139834650783793,0.0022822846029747243,0.181862506094588,2.2586045131844402e-05,1.2708317972766706e-05
visited,all,old_vs_exact_g,4102,11.566201460926681,0.023682528957087425,0.024049365303994583,0.005402812075100431,0.005709399004509894,0.005695464636881125,0.7632862018527548,2.026288187479396e-05,1.613344045890565e-05
visited,all,sampled_vs_fitted,4102,11.566201460926681,0.006399457482691873,0.003200344558024778,0.0036077176519753074,0.003171275367723562,0.0037138579410952643,0.6306679668454412,2.5471195115221672e-05,1.610658010822916e-05
