label,setting,exact,raw_discovered,lower_bound,recovery,elapsed_s,p_first,p_second,exact_p_first,exact_p_second
01_k4096_o4_0015,d1 eps=0,0.022956056429706884,0.01950445359840236,0.01950445359840236,0.8496430411785412,0.18136204313486814,0.5452958911263394,0.474208562472063,0.547805002079694,0.4751510543500129
01_k4096_o4_0015,d2 eps=0.001,0.022956056429706884,0.022068632171437397,0.022068632171437397,0.961342477921378,1.9612300656735897,0.5470416828545929,0.47502694931684464,0.547805002079694,0.4751510543500129
01_k4096_o4_0015,d2 eps=0.0001,0.022956056429706884,0.02261182487284552,0.02261182487284552,0.9850047608170234,2.5149366511031985,0.547492210835234,0.47511961403761144,0.547805002079694,0.4751510543500129
01_k4096_o4_0015,d3 eps=0.001,0.022956056429706884,0.02288148482869201,0.02288148482869201,0.9967515500215285,10.176872008480132,0.5478050173448684,0.47507646748382354,0.547805002079694,0.4751510543500129
01_k4096_o4_0015,d3 eps=0.0001,0.022956056429706884,0.02295606155837615,0.02295606155837615,1.0000002234124699,11.642663734965026,0.5478050173448684,0.4751510442135078,0.547805002079694,0.4751510543500129
02_k4096_online_0015,d1 eps=0,0.031346957723015656,0.026974196342565815,0.026974196342565815,0.8605044413212942,0.2150114425458014,0.5495559644857089,0.4774182318568569,0.5528289703250964,0.47851798739791923
02_k4096_online_0015,d2 eps=0.001,0.031346957723015656,0.030957754974683338,0.030957754974683338,0.9875840344134399,1.8373916018754244,0.5525017411656494,0.47845601380903385,0.5528289703250964,0.47851798739791923
02_k4096_online_0015,d2 eps=0.0001,0.031346957723015656,0.031151651041953166,0.031151651041953166,0.9937695171956323,2.4690963914617896,0.5526844490482039,0.47846720199374915,0.5528289703250964,0.47851798739791923
02_k4096_online_0015,d3 eps=0.001,0.031346957723015656,0.031008544920794634,0.031008544920794634,0.9892042856212311,7.710308875888586,0.5525017411656494,0.4785068037551452,0.5528289703250964,0.47851798739791923
02_k4096_online_0015,d3 eps=0.0001,0.031346957723015656,0.0313469598002698,0.0313469598002698,1.000000066266531,11.186319225933403,0.5528289678604094,0.47851799193986044,0.5528289703250964,0.47851798739791923
03_k4096_o4_0060,d1 eps=0,0.011282438873651657,0.008574456173559675,0.008574456173559675,0.7599825064050606,0.20632016332820058,0.539880043258688,0.46869441291487157,0.542189105871669,0.4690933330019826
03_k4096_o4_0060,d2 eps=0.001,0.011282438873651657,0.01038597566128141,0.01038597566128141,0.9205434904270747,1.2922539236024022,0.5415771542459648,0.46880882141531666,0.542189105871669,0.4690933330019826
03_k4096_o4_0060,d2 eps=0.0001,0.011282438873651657,0.011263759676669372,0.011263759676669372,0.998344400781474,2.91540944064036,0.5421890962970721,0.4690746633795972,0.542189105871669,0.4690933330019826
03_k4096_o4_0060,d3 eps=0.001,0.011282438873651657,0.010630420724858425,0.010630420724858425,0.9422094676430363,5.325404139701277,0.5418033406121313,0.4688270801127272,0.542189105871669,0.4690933330019826
03_k4096_o4_0060,d3 eps=0.0001,0.011282438873651657,0.01128242253042333,0.01128242253042333,0.9999985514454357,12.720387761015445,0.5421890962970721,0.4690933262333512,0.542189105871669,0.4690933330019826
04_k4096_o4_0180,d1 eps=0,0.0059855272585491726,0.003975736653720308,0.003975736653720308,0.6642249683253441,0.20491855312138796,0.537993540668708,0.46598219598501234,0.5398062257773321,0.4661793014812171
04_k4096_o4_0180,d2 eps=0.001,0.0059855272585491726,0.005550818409566727,0.005550818409566727,0.9273733406924932,0.7831794689409435,0.5395141307465453,0.46603668766302137,0.5398062257773321,0.4661793014812171
04_k4096_o4_0180,d2 eps=0.0001,0.0059855272585491726,0.005868277497500518,0.005868277497500518,0.9804111223650037,2.654922536108643,0.5397013829381415,0.466166894559359,0.5398062257773321,0.4661793014812171
04_k4096_o4_0180,d3 eps=0.001,0.0059855272585491726,0.005563195652041664,0.005563195652041664,0.9294412023762335,2.4422605014406145,0.5395141307465453,0.4660490649054964,0.5398062257773321,0.4661793014812171
04_k4096_o4_0180,d3 eps=0.0001,0.0059855272585491726,0.00598553220012521,0.00598553220012521,1.000000825587425,12.072523640468717,0.5398062234408787,0.4661793087592464,0.5398062257773321,0.4661793014812171
05_k4096_online_0180,d1 eps=0,0.014215650817767322,0.012309563772732623,0.012309563772732623,0.8659163010213792,0.187730151694268,0.5434509328853951,0.46885863088733754,0.5450437965966898,0.46917185422107743
05_k4096_online_0180,d2 eps=0.001,0.014215650817767322,0.013763413687500226,0.013763413687500226,0.9681873776962873,0.6769024059176445,0.5446206682565244,0.46914274543097567,0.5450437965966898,0.46917185422107743
05_k4096_online_0180,d2 eps=0.0001,0.014215650817767322,0.014056538548495423,0.014056538548495423,0.9888072469342709,2.3535021669231355,0.5448992538710263,0.46915728467746914,0.5450437965966898,0.46917185422107743
05_k4096_online_0180,d3 eps=0.001,0.014215650817767322,0.014020191455908826,0.014020191455908826,0.9862504105957497,2.2101658121682703,0.5448629194185673,0.4691572720373415,0.5450437965966898,0.46917185422107743
05_k4096_online_0180,d3 eps=0.0001,0.014215650817767322,0.014215654080090845,0.014215654080090845,1.000000229488158,11.172814645804465,0.5450437917894116,0.4691718622906792,0.5450437965966898,0.46917185422107743
06_k4096_o4_0450,d1 eps=0,0.0038792994159961847,0.002471959528188794,0.002471959528188794,0.6372180291100339,0.2039698427543044,0.5376588477092079,0.46481311181898083,0.5388890997822862,0.46499019963371
06_k4096_o4_0450,d2 eps=0.001,0.0038792994159961847,0.0034504235770529412,0.0034504235770529412,0.8894450278380716,0.5782076581381261,0.5386741888408185,0.46477623473623436,0.5388890997822862,0.46499019963371
06_k4096_o4_0450,d2 eps=0.0001,0.0038792994159961847,0.003820708897668723,0.003820708897668723,0.9848966238373184,2.643720648717135,0.53883679081231,0.4649839180853589,0.5388890997822862,0.46499019963371
06_k4096_o4_0450,d3 eps=0.001,0.0038792994159961847,0.003467778739730809,0.003467778739730809,0.8939188157097435,1.4986406462267041,0.5386741888408185,0.46479358989891234,0.5388890997822862,0.46499019963371
06_k4096_o4_0450,d3 eps=0.0001,0.0038792994159961847,0.0038712587664075926,0.0038712587664075926,0.9979272933779134,11.494374799076468,0.5388810992224716,0.464990159543936,0.5388890997822862,0.46499019963371
07_k4096_o4_0795,d1 eps=0,0.0029161199726848164,0.0020380620825561913,0.0020380620825561913,0.6988951420540446,0.19420791510492563,0.5378730810728776,0.4641649810096787,0.5386319607930637,0.4642841591796211
07_k4096_o4_0795,d2 eps=0.001,0.0029161199726848164,0.002761252419528182,0.002761252419528182,0.9468925988617503,0.5371433608233929,0.5385573619643534,0.4642038904551748,0.5386319607930637,0.4642841591796211
07_k4096_o4_0795,d2 eps=0.0001,0.0029161199726848164,0.002875543775735956,0.002875543775735956,0.9860855529508606,2.338679188862443,0.5386045725409793,0.4642709712347568,0.5386319607930637,0.4642841591796211
07_k4096_o4_0795,d3 eps=0.001,0.0029161199726848164,0.002770739426227964,0.002770739426227964,0.9501458966645314,1.271284914109856,0.5385573619643534,0.4642133774618745,0.5386319607930637,0.4642841591796211
07_k4096_o4_0795,d3 eps=0.0001,0.0029161199726848164,0.002912534626190455,0.002912534626190455,0.9987705078913264,10.420662655029446,0.5386319693482299,0.4642805652779605,0.5386319607930637,0.4642841591796211
08_k4096_o4_1140,d1 eps=0,0.004685017957713589,0.004097178926117939,0.004097178926117939,0.8745279021550367,0.19950089883059263,0.5399054861693344,0.46419169275678357,0.5403933910108376,0.464291626946876
08_k4096_o4_1140,d2 eps=0.001,0.004685017957713589,0.00433198706784621,0.00433198706784621,0.9246468438213487,0.5021439190022647,0.5401994178812084,0.46413256918663787,0.5403933910108376,0.464291626946876
08_k4096_o4_1140,d2 eps=0.0001,0.004685017957713589,0.004603021688892817,0.004603021688892817,0.9824981954048286,2.1725221909582615,0.5403286080960302,0.4642744135928626,0.5403933910108376,0.464291626946876
08_k4096_o4_1140,d3 eps=0.001,0.004685017957713589,0.004347753690034262,0.004347753690034262,0.9280121718372408,1.2179391933605075,0.5401994178812084,0.4641483358088258,0.5403933910108376,0.464291626946876
08_k4096_o4_1140,d3 eps=0.0001,0.004685017957713589,0.004629764949362514,0.004629764949362514,0.9882064468376041,9.417361300904304,0.5403395836198502,0.4642901813295124,0.5403933910108376,0.464291626946876
09_k4096_online_1140,d1 eps=0,0.008534825647289246,0.007628742766033092,0.007628742766033092,0.8938369781995563,0.1959787388332188,0.5429480377992459,0.4646807049667872,0.5435477146288005,0.46498711101848883
09_k4096_online_1140,d2 eps=0.001,0.008534825647289246,0.008409946928826573,0.008409946928826573,0.9853683339738363,0.5505040693096817,0.5434619717043448,0.46494797522448167,0.5435477146288005,0.46498711101848883
09_k4096_online_1140,d2 eps=0.0001,0.008534825647289246,0.008510907464125195,0.008510907464125195,0.9971975779995403,2.152637462131679,0.5435248397874882,0.46498606767663697,0.5435477146288005,0.46498711101848883
09_k4096_online_1140,d3 eps=0.001,0.008534825647289246,0.008409899800442933,0.008409899800442933,0.9853628120820499,1.2203520070761442,0.5434619717043448,0.4649479280960982,0.5435477146288005,0.46498711101848883
09_k4096_online_1140,d3 eps=0.0001,0.008534825647289246,0.008533615130026817,0.008533615130026817,0.9998581673120864,8.490422916132957,0.5435475474533898,0.46498606767663697,0.5435477146288005,0.46498711101848883
10_k1024_o4_0600,d1 eps=0,0.005977591380194935,0.004540415948425247,0.004540415948425247,0.7595728211648317,0.203844522126019,0.539520840568912,0.4650195753795133,0.5405793465464461,0.46539824483374886
10_k1024_o4_0600,d2 eps=0.001,0.005977591380194935,0.005107111832953981,0.005107111832953981,0.854376204080285,0.5494830571115017,0.5398964622036708,0.4652106496292831,0.5405793465464461,0.46539824483374886
10_k1024_o4_0600,d2 eps=0.0001,0.005977591380194935,0.005504859379653171,0.005504859379653171,0.9209159725925682,1.9813750926405191,0.5401217141734633,0.4653831452061899,0.5405793465464461,0.46539824483374886
10_k1024_o4_0600,d3 eps=0.001,0.005977591380194935,0.005570999848858893,0.005570999848858893,0.9319807083697342,1.4074853640049696,0.5403454801557722,0.46522551969308673,0.5405793465464461,0.46539824483374886
10_k1024_o4_0600,d3 eps=0.0001,0.005977591380194935,0.005968744993763542,0.005968744993763542,0.9985200750822976,8.532842922955751,0.5405707381945581,0.4653980067992054,0.5405793465464461,0.46539824483374886
11_exact4096_o4_1080,d1 eps=0,0.0012236170729063023,-0.004311313795451355,0.0,0.0,0.19698882475495338,0.5324095176269465,0.46327916857760204,0.537819225248823,0.4634043918240834
11_exact4096_o4_1080,d2 eps=0.001,0.0012236170729063023,0.0012110058604470897,0.0012110058604470897,0.9896934974687311,0.7207472575828433,0.5378093575268459,0.4634016483336012,0.537819225248823,0.4634043918240834
11_exact4096_o4_1080,d2 eps=0.0001,0.0012236170729063023,0.001211006073114529,0.001211006073114529,0.9896936712710128,0.9478617147542536,0.5378093575268459,0.46340164854626875,0.537819225248823,0.4634043918240834
11_exact4096_o4_1080,d3 eps=0.001,0.0012236170729063023,0.0012137238269394057,0.0012137238269394057,0.9919147532459658,2.054286001250148,0.5378093575268459,0.4634043663000936,0.537819225248823,0.4634043918240834
11_exact4096_o4_1080,d3 eps=0.0001,0.0012236170729063023,0.001213724039607067,0.001213724039607067,0.991914927048429,3.0761397778987885,0.5378093575268459,0.4634043665127611,0.537819225248823,0.4634043918240834
12_exact4096_table_1080,d1 eps=0,0.001005141776837748,-0.004371208665199466,0.0,0.0,0.19978996692225337,0.5324228017121494,0.4632059896226512,0.5377395439535396,0.46326559782329807
12_exact4096_table_1080,d2 eps=0.001,0.001005141776837748,0.000983657061116805,0.000983657061116805,0.9786251887882568,0.8091886569745839,0.5377258364883706,0.4632578205727461,0.5377395439535396,0.46326559782329807
12_exact4096_table_1080,d2 eps=0.0001,0.001005141776837748,0.0009949263284463328,0.0009949263284463328,0.9898368084713842,1.0032669785432518,0.5377353709857972,0.4632595553426493,0.5377395439535396,0.46326559782329807
12_exact4096_table_1080,d3 eps=0.001,0.001005141776837748,0.0009840346295975078,0.0009840346295975078,0.9790008258271337,2.2438202160410583,0.5377258364883706,0.463258198141227,0.5377395439535396,0.46326559782329807
12_exact4096_table_1080,d3 eps=0.0001,0.001005141776837748,0.0009953020116282296,0.0009953020116282296,0.9902105698556526,3.4729581279680133,0.5377353709857972,0.463259931025831,0.5377395439535396,0.46326559782329807
